business,music,painting,science,sport
business,music,painting,science,sport
компании,альбом,artstation,ученые,сборной
бизнес,музыке,рисунка,tech,футбол
источник,музыки,концепт,исследователи,цска
работы,рок,арт,космос,чемпионат
сотрудников,песни,art,выяснили,спорт
клиентов,плейлист,concept,нашли,матч
,плейлисте,рисования,впервые,сборная
,поп,creation,обнаружили,чемпионата
,музыка,рисовать,наука,лиги
,music,окружения,проекта,матча
,жанр,референс,мозг,трансляции
,треки,reference,астрономы,чемпионов
,трек,,,турнира
,,,,финала
,,,,кубок
,,,,кубка
,,,,авто/мотоспорт
,,,,авиамодельный
,,,,спорт
,,,,aкадемическая
,,,,гребля
,,,,акробатика
,,,,бадминтон
,,,,баскетбол
,,,,биатлон
,,,,бильярд
,,,,бейсбол
,,,,бокс
,,,,бобслей
,,,,бодибилдинг
,,,,боулинг
,,,,велоспорт
,,,,вертолетный
,,,,спорт
,,,,виртуальный
,,,,спорт
,,,,водное
,,,,поло
,,,,волейбол
,,,,воднолыжный
,,,,спорт
,,,,вольная
,,,,борьба
,,,,гандбол
,,,,гольф
,,,,горные
,,,,лыжи
,,,,гребля
,,,,на
,,,,байдарках
,,,,греко-римская
,,,,борьба
,,,,дзюдо
,,,,единоборства
,,,,женский
,,,,футбол
,,,,киберспорт
,,,,керлинг
,,,,конный
,,,,спорт
,,,,коньки
,,,,кудо
,,,,атлетика
,,,,лыжные
,,,,гонки
,,,,лыжнoе
,,,,двоеборье
,,,,любительский
,,,,футбол
,,,,мини-футбол
,,,,настольный
,,,,теннис
,,,,плавание
,,,,прыжки
,,,,в
,,,,воду
,,,,парусный
,,,,спорт
,,,,паралимпизм
,,,,пляжный
,,,,футбол
,,,,покер
,,,,прыжки
,,,,на
,,,,батуте
,,,,пятиборье
,,,,регби
,,,,рыболовный
,,,,спорт
,,,,сани
,,,,скелетон
,,,,сноуборд
,,,,cофтбол
,,,,cпортивная
,,,,гимнастика
,,,,стрельба
,,,,из
,,,,лука
,,,,стрельба
,,,,пулевая
,,,,стрельба
,,,,стендовая
,,,,сумо
,,,,трамплин
,,,,теннис
,,,,триатлон
,,,,тяжелая
,,,,атлетика
,,,,фехтование
,,,,фигурное
,,,,катание
,,,,формула-1
,,,,фристайл
,,,,футбол
,,,,футзал
,,,,хоккей
,,,,хоккей
,,,,на
,,,,траве
,,,,хоккей
,,,,с
,,,,мячом
,,,,художественная
,,,,гимнастика
,,,,шахматы
,,,,шорт-трек
